{
    "$schema": "https://shadcn-vue.com/schema.json",
    "style": "new-york",
    "typescript": true,
    "tailwind": {
      "config": "tailwind.config.ts",
      "css": "assets/styles/main.scss",
      "baseColor": "neutral",
      "cssVariables": true,
      "prefix": ""
    },
    "aliases": {
      "components": "@/components",
      "composables": "@/composables",
      "utils": "@/lib/utils",
      "ui": "@/components/ui",
      "lib": "@/lib"
    },
    "iconLibrary": "lucide"
  }